{"eclipse_window": 545, "flare_rate": 0.0, "window": 273, "std": 0.0013743627350777388, "id_number": 470085072, "radius": 0.753435, "temperature": 4918.0, "period": 5.6877070937837795, "median": 1.0000239610671997, "n_pts": 192089.0}